{
  "FilterHeaders": [
    {
      "Header": "user-agent",
      "IncludeInScript": false
    },
    {
      "Header": "upgrade-insecure-requests",
      "IncludeInScript": false
    },
    {
      "Header": "sec-fetch-user",
      "IncludeInScript": false
    },
    {
      "Header": "sec-fetch-site",
      "IncludeInScript": false
    },
    {
      "Header": "sec-fetch-mode",
      "IncludeInScript": false
    },
    {
      "Header": "sec-fetch-dest",
      "IncludeInScript": false
    },
    {
      "Header": "sec-ch-ua-platform",
      "IncludeInScript": false
    },
    {
      "Header": "sec-ch-ua-mobile",
      "IncludeInScript": false
    },
    {
      "Header": "sec-ch-ua",
      "IncludeInScript": false
    },
    {
      "Header": "origin",
      "IncludeInScript": false
    },
    {
      "Header": "if-none-match",
      "IncludeInScript": false
    },
    {
      "Header": "contenttype",
      "IncludeInScript": false
    },
    {
      "Header": "cache-control",
      "IncludeInScript": false
    },
    {
      "Header": "accept-language",
      "IncludeInScript": true
    },
    {
      "Header": "accept-encoding",
      "IncludeInScript": false
    },
    {
      "Header": "accept",
      "IncludeInScript": false
    }
  ],
  "FilterResources": [
    {
      "IsNonResource": true,
      "type": "text/html"
    },
    {
      "IsNonResource": false,
      "type": "text/css"
    },
    {
      "IsNonResource": false,
      "type": "image/vnd.microsoft.icon"
    },
    {
      "IsNonResource": false,
      "type": "image/svg+xml"
    },
    {
      "IsNonResource": false,
      "type": "image/png"
    },
    {
      "IsNonResource": false,
      "type": "image/jpeg"
    },
    {
      "IsNonResource": true,
      "type": "application/json"
    },
    {
      "IsNonResource": false,
      "type": "application/javascript"
    }
  ],
  "GeneralInfo": {
    "BrowserVersion": "",
    "IsWinInetMode": false,
    "MaxUsedConnections": 10,
    "RecordedBrowser": "Chrome",
    "RecordingDate": "Feb-26-2024",
    "RecordingDuration": 98500,
    "RecordingMode": "N/A",
    "RecordingTimeStamp": 1708936070,
    "RecordingType": "Browser",
    "TotalBytesReceived": 4738516,
    "TotalBytesSent": 49864,
    "TotalRequests": 65,
    "UserAgent": "Mozilla/5.0 (Windows NT 10.0; Win64; x64) AppleWebKit/537.36 (KHTML, like Gecko) Chrome/121.0.0.0 Safari/537.36"
  },
  "HostInfo": [
    {
      "DomainName": "orangehrmlive.com",
      "Domains": [
        {
          "HTTPVersion": "HTTP/1.1",
          "IP": "78.136.60.48",
          "IncludeInScript": true,
          "Name": "opensource-demo.orangehrmlive.com",
          "Port": 443,
          "Requests": [
            {
              "CompressionType": "",
              "DataType": "",
              "DownloadTime": 297,
              "EventId": 494,
              "HttpStatus": 304,
              "Size": 0,
              "URL": "https://opensource-demo.orangehrmlive.com/web/index.php/core/i18n/messages"
            },
            {
              "CompressionType": "",
              "DataType": "text/html",
              "DownloadTime": 328,
              "EventId": 492,
              "HttpStatus": 200,
              "Size": 3463,
              "URL": "https://opensource-demo.orangehrmlive.com/web/index.php/auth/login"
            },
            {
              "CompressionType": "",
              "DataType": "text/html",
              "DownloadTime": 297,
              "EventId": 490,
              "HttpStatus": 302,
              "Size": 510,
              "URL": "https://opensource-demo.orangehrmlive.com/web/index.php/auth/logout"
            },
            {
              "CompressionType": "",
              "DataType": "",
              "DownloadTime": 312,
              "EventId": 484,
              "HttpStatus": 200,
              "Size": 25592,
              "URL": "https://opensource-demo.orangehrmlive.com/web/dist/fonts/nunito-sans-v6-latin-ext_latin-300.woff2"
            },
            {
              "CompressionType": "",
              "DataType": "application/json",
              "DownloadTime": 407,
              "EventId": 482,
              "HttpStatus": 200,
              "Size": 43,
              "URL": "https://opensource-demo.orangehrmlive.com/web/index.php/api/v2/attendance/punch-in/overlaps?date=2024-02-26&time=14:05&timezoneOffset=5.5"
            },
            {
              "CompressionType": "",
              "DataType": "application/json",
              "DownloadTime": 312,
              "EventId": 480,
              "HttpStatus": 200,
              "Size": 72,
              "URL": "https://opensource-demo.orangehrmlive.com/web/index.php/api/v2/leave/workweek?model=indexed"
            },
            {
              "CompressionType": "",
              "DataType": "application/json",
              "DownloadTime": 312,
              "EventId": 478,
              "HttpStatus": 200,
              "Size": 1850,
              "URL": "https://opensource-demo.orangehrmlive.com/web/index.php/api/v2/leave/holidays?fromDate=2024-01-01&toDate=2024-12-31"
            },
            {
              "CompressionType": "",
              "DataType": "application/json",
              "DownloadTime": 547,
              "EventId": 476,
              "HttpStatus": 200,
              "Size": 72,
              "URL": "https://opensource-demo.orangehrmlive.com/web/index.php/api/v2/leave/workweek?model=indexed"
            },
            {
              "CompressionType": "",
              "DataType": "application/json",
              "DownloadTime": 485,
              "EventId": 474,
              "HttpStatus": 200,
              "Size": 71,
              "URL": "https://opensource-demo.orangehrmlive.com/web/index.php/api/v2/attendance/current-datetime"
            },
            {
              "CompressionType": "",
              "DataType": "application/json",
              "DownloadTime": 407,
              "EventId": 472,
              "HttpStatus": 200,
              "Size": 1850,
              "URL": "https://opensource-demo.orangehrmlive.com/web/index.php/api/v2/leave/holidays?fromDate=2024-01-01&toDate=2024-12-31"
            },
            {
              "CompressionType": "",
              "DataType": "",
              "DownloadTime": 328,
              "EventId": 470,
              "HttpStatus": 304,
              "Size": 0,
              "URL": "https://opensource-demo.orangehrmlive.com/web/index.php/pim/viewPhoto/empNumber/7"
            },
            {
              "CompressionType": "",
              "DataType": "",
              "DownloadTime": 313,
              "EventId": 468,
              "HttpStatus": 304,
              "Size": 0,
              "URL": "https://opensource-demo.orangehrmlive.com/web/index.php/core/i18n/messages"
            },
            {
              "CompressionType": "",
              "DataType": "text/html",
              "DownloadTime": 329,
              "EventId": 466,
              "HttpStatus": 200,
              "Size": 7958,
              "URL": "https://opensource-demo.orangehrmlive.com/web/index.php/attendance/punchIn"
            },
            {
              "CompressionType": "",
              "DataType": "text/html",
              "DownloadTime": 375,
              "EventId": 464,
              "HttpStatus": 302,
              "Size": 542,
              "URL": "https://opensource-demo.orangehrmlive.com/web/index.php/attendance/punchOut"
            },
            {
              "CompressionType": "",
              "DataType": "application/json",
              "DownloadTime": 344,
              "EventId": 462,
              "HttpStatus": 200,
              "Size": 489,
              "URL": "https://opensource-demo.orangehrmlive.com/web/index.php/api/v2/attendance/records"
            },
            {
              "CompressionType": "",
              "DataType": "application/json",
              "DownloadTime": 312,
              "EventId": 460,
              "HttpStatus": 200,
              "Size": 43,
              "URL": "https://opensource-demo.orangehrmlive.com/web/index.php/api/v2/attendance/punch-out/overlaps?date=2024-02-26&time=14:05&timezoneOffset=5.5"
            },
            {
              "CompressionType": "",
              "DataType": "application/json",
              "DownloadTime": 297,
              "EventId": 458,
              "HttpStatus": 200,
              "Size": 43,
              "URL": "https://opensource-demo.orangehrmlive.com/web/index.php/api/v2/attendance/punch-out/overlaps?date=2024-02-26&time=14:05&timezoneOffset=5.5"
            },
            {
              "CompressionType": "",
              "DataType": "application/json",
              "DownloadTime": 422,
              "EventId": 448,
              "HttpStatus": 200,
              "Size": 43,
              "URL": "https://opensource-demo.orangehrmlive.com/web/index.php/api/v2/attendance/punch-out/overlaps?date=2024-02-26&time=14:05&timezoneOffset=5.5"
            },
            {
              "CompressionType": "",
              "DataType": "application/json",
              "DownloadTime": 422,
              "EventId": 446,
              "HttpStatus": 200,
              "Size": 1850,
              "URL": "https://opensource-demo.orangehrmlive.com/web/index.php/api/v2/leave/holidays?fromDate=2024-01-01&toDate=2024-12-31"
            },
            {
              "CompressionType": "",
              "DataType": "application/json",
              "DownloadTime": 406,
              "EventId": 444,
              "HttpStatus": 200,
              "Size": 448,
              "URL": "https://opensource-demo.orangehrmlive.com/web/index.php/api/v2/attendance/records/latest"
            },
            {
              "CompressionType": "",
              "DataType": "application/json",
              "DownloadTime": 313,
              "EventId": 442,
              "HttpStatus": 200,
              "Size": 72,
              "URL": "https://opensource-demo.orangehrmlive.com/web/index.php/api/v2/leave/workweek?model=indexed"
            },
            {
              "CompressionType": "",
              "DataType": "application/json",
              "DownloadTime": 484,
              "EventId": 440,
              "HttpStatus": 200,
              "Size": 1850,
              "URL": "https://opensource-demo.orangehrmlive.com/web/index.php/api/v2/leave/holidays?fromDate=2024-01-01&toDate=2024-12-31"
            },
            {
              "CompressionType": "",
              "DataType": "application/json",
              "DownloadTime": 406,
              "EventId": 438,
              "HttpStatus": 200,
              "Size": 71,
              "URL": "https://opensource-demo.orangehrmlive.com/web/index.php/api/v2/attendance/current-datetime"
            },
            {
              "CompressionType": "",
              "DataType": "application/json",
              "DownloadTime": 344,
              "EventId": 436,
              "HttpStatus": 200,
              "Size": 72,
              "URL": "https://opensource-demo.orangehrmlive.com/web/index.php/api/v2/leave/workweek?model=indexed"
            },
            {
              "CompressionType": "",
              "DataType": "",
              "DownloadTime": 297,
              "EventId": 434,
              "HttpStatus": 304,
              "Size": 0,
              "URL": "https://opensource-demo.orangehrmlive.com/web/index.php/pim/viewPhoto/empNumber/7"
            },
            {
              "CompressionType": "",
              "DataType": "",
              "DownloadTime": 281,
              "EventId": 432,
              "HttpStatus": 304,
              "Size": 0,
              "URL": "https://opensource-demo.orangehrmlive.com/web/index.php/core/i18n/messages"
            },
            {
              "CompressionType": "",
              "DataType": "text/html",
              "DownloadTime": 360,
              "EventId": 430,
              "HttpStatus": 200,
              "Size": 7962,
              "URL": "https://opensource-demo.orangehrmlive.com/web/index.php/attendance/punchOut"
            },
            {
              "CompressionType": "",
              "DataType": "text/html",
              "DownloadTime": 313,
              "EventId": 428,
              "HttpStatus": 302,
              "Size": 546,
              "URL": "https://opensource-demo.orangehrmlive.com/web/index.php/attendance/punchIn"
            },
            {
              "CompressionType": "",
              "DataType": "image/jpeg",
              "DownloadTime": 562,
              "EventId": 418,
              "HttpStatus": 200,
              "Size": 21806,
              "URL": "https://opensource-demo.orangehrmlive.com/web/index.php/pim/viewPhoto/empNumber/11"
            },
            {
              "CompressionType": "",
              "DataType": "image/jpeg",
              "DownloadTime": 500,
              "EventId": 415,
              "HttpStatus": 200,
              "Size": 32878,
              "URL": "https://opensource-demo.orangehrmlive.com/web/index.php/pim/viewPhoto/empNumber/22"
            },
            {
              "CompressionType": "",
              "DataType": "image/jpeg",
              "DownloadTime": 296,
              "EventId": 412,
              "HttpStatus": 200,
              "Size": 123537,
              "URL": "https://opensource-demo.orangehrmlive.com/web/index.php/buzz/photo/9"
            },
            {
              "CompressionType": "",
              "DataType": "image/jpeg",
              "DownloadTime": 469,
              "EventId": 400,
              "HttpStatus": 200,
              "Size": 82749,
              "URL": "https://opensource-demo.orangehrmlive.com/web/index.php/pim/viewPhoto/empNumber/7"
            },
            {
              "CompressionType": "",
              "DataType": "image/jpeg",
              "DownloadTime": 359,
              "EventId": 396,
              "HttpStatus": 200,
              "Size": 89269,
              "URL": "https://opensource-demo.orangehrmlive.com/web/index.php/buzz/photo/11"
            },
            {
              "CompressionType": "",
              "DataType": "text/html",
              "DownloadTime": 578,
              "EventId": 394,
              "HttpStatus": 200,
              "Size": 0,
              "URL": "https://opensource-demo.orangehrmlive.com/web/index.php/events/push"
            },
            {
              "CompressionType": "",
              "DataType": "image/jpeg",
              "DownloadTime": 453,
              "EventId": 391,
              "HttpStatus": 200,
              "Size": 20692,
              "URL": "https://opensource-demo.orangehrmlive.com/web/index.php/pim/viewPhoto/empNumber/2"
            },
            {
              "CompressionType": "",
              "DataType": "application/json",
              "DownloadTime": 734,
              "EventId": 389,
              "HttpStatus": 200,
              "Size": 272,
              "URL": "https://opensource-demo.orangehrmlive.com/web/index.php/api/v2/dashboard/employees/locations"
            },
            {
              "CompressionType": "",
              "DataType": "image/png",
              "DownloadTime": 313,
              "EventId": 387,
              "HttpStatus": 200,
              "Size": 41913,
              "URL": "https://opensource-demo.orangehrmlive.com/web/images/dashboard_empty_widget_watermark.png"
            },
            {
              "CompressionType": "",
              "DataType": "application/json",
              "DownloadTime": 547,
              "EventId": 383,
              "HttpStatus": 200,
              "Size": 324,
              "URL": "https://opensource-demo.orangehrmlive.com/web/index.php/api/v2/dashboard/employees/subunit"
            },
            {
              "CompressionType": "",
              "DataType": "image/png",
              "DownloadTime": 156,
              "EventId": 381,
              "HttpStatus": 200,
              "Size": 2680,
              "URL": "https://opensource-demo.orangehrmlive.com/web/images/orangehrm-logo.png?v=1706326081969"
            },
            {
              "CompressionType": "",
              "DataType": "application/json",
              "DownloadTime": 454,
              "EventId": 377,
              "HttpStatus": 200,
              "Size": 66,
              "URL": "https://opensource-demo.orangehrmlive.com/web/index.php/api/v2/dashboard/employees/leaves?date=2024-02-26"
            },
            {
              "CompressionType": "",
              "DataType": "application/json",
              "DownloadTime": 329,
              "EventId": 375,
              "HttpStatus": 200,
              "Size": 2258,
              "URL": "https://opensource-demo.orangehrmlive.com/web/index.php/api/v2/buzz/feed?limit=5&offset=0&sortOrder=DESC&sortField=share.createdAtUtc"
            },
            {
              "CompressionType": "",
              "DataType": "application/json",
              "DownloadTime": 313,
              "EventId": 371,
              "HttpStatus": 200,
              "Size": 183,
              "URL": "https://opensource-demo.orangehrmlive.com/web/index.php/api/v2/dashboard/shortcuts"
            },
            {
              "CompressionType": "",
              "DataType": "",
              "DownloadTime": 328,
              "EventId": 367,
              "HttpStatus": 200,
              "Size": 26800,
              "URL": "https://opensource-demo.orangehrmlive.com/web/dist/fonts/nunito-sans-v6-latin-ext_latin-italic.woff2"
            },
            {
              "CompressionType": "",
              "DataType": "",
              "DownloadTime": 313,
              "EventId": 365,
              "HttpStatus": 200,
              "Size": 26312,
              "URL": "https://opensource-demo.orangehrmlive.com/web/dist/fonts/nunito-sans-v6-latin-ext_latin-700.woff2"
            },
            {
              "CompressionType": "",
              "DataType": "application/json",
              "DownloadTime": 437,
              "EventId": 361,
              "HttpStatus": 200,
              "Size": 159,
              "URL": "https://opensource-demo.orangehrmlive.com/web/index.php/api/v2/dashboard/employees/action-summary"
            },
            {
              "CompressionType": "",
              "DataType": "application/json",
              "DownloadTime": 343,
              "EventId": 359,
              "HttpStatus": 200,
              "Size": 1188,
              "URL": "https://opensource-demo.orangehrmlive.com/web/index.php/api/v2/dashboard/employees/time-at-work?timezoneOffset=5.5&currentDate=2024-02-26&currentTime=13:58"
            },
            {
              "CompressionType": "",
              "DataType": "image/png",
              "DownloadTime": 156,
              "EventId": 341,
              "HttpStatus": 200,
              "Size": 16559,
              "URL": "https://opensource-demo.orangehrmlive.com/web/images/orange.png?v=1706326081969"
            },
            {
              "CompressionType": "",
              "DataType": "",
              "DownloadTime": 281,
              "EventId": 338,
              "HttpStatus": 304,
              "Size": 0,
              "URL": "https://opensource-demo.orangehrmlive.com/web/index.php/core/i18n/messages"
            },
            {
              "CompressionType": "",
              "DataType": "text/html",
              "DownloadTime": 359,
              "EventId": 336,
              "HttpStatus": 200,
              "Size": 6627,
              "URL": "https://opensource-demo.orangehrmlive.com/web/index.php/dashboard/index"
            },
            {
              "CompressionType": "",
              "DataType": "text/html",
              "DownloadTime": 641,
              "EventId": 334,
              "HttpStatus": 302,
              "Size": 530,
              "URL": "https://opensource-demo.orangehrmlive.com/web/index.php/auth/validate"
            },
            {
              "CompressionType": "",
              "DataType": "",
              "DownloadTime": 328,
              "EventId": 316,
              "HttpStatus": 200,
              "Size": 25820,
              "URL": "https://opensource-demo.orangehrmlive.com/web/dist/fonts/nunito-sans-v6-latin-ext_latin-600.woff2"
            },
            {
              "CompressionType": "",
              "DataType": "",
              "DownloadTime": 312,
              "EventId": 313,
              "HttpStatus": 200,
              "Size": 25780,
              "URL": "https://opensource-demo.orangehrmlive.com/web/dist/fonts/nunito-sans-v6-latin-ext_latin-800.woff2"
            },
            {
              "CompressionType": "",
              "DataType": "",
              "DownloadTime": 312,
              "EventId": 311,
              "HttpStatus": 200,
              "Size": 25884,
              "URL": "https://opensource-demo.orangehrmlive.com/web/dist/fonts/nunito-sans-v6-latin-ext_latin-regular.woff2"
            },
            {
              "CompressionType": "",
              "DataType": "",
              "DownloadTime": 328,
              "EventId": 278,
              "HttpStatus": 200,
              "Size": 121296,
              "URL": "https://opensource-demo.orangehrmlive.com/web/dist/fonts/bootstrap-icons.woff2"
            },
            {
              "CompressionType": "",
              "DataType": "image/svg+xml",
              "DownloadTime": 297,
              "EventId": 276,
              "HttpStatus": 200,
              "Size": 289,
              "URL": "https://opensource-demo.orangehrmlive.com/web/dist/img/blob.svg"
            },
            {
              "CompressionType": "",
              "DataType": "image/png",
              "DownloadTime": 297,
              "EventId": 274,
              "HttpStatus": 200,
              "Size": 30411,
              "URL": "https://opensource-demo.orangehrmlive.com/web/images/ohrm_branding.png?v=1706326081969"
            },
            {
              "CompressionType": "",
              "DataType": "image/png",
              "DownloadTime": 157,
              "EventId": 270,
              "HttpStatus": 200,
              "Size": 324441,
              "URL": "https://opensource-demo.orangehrmlive.com/web/images/ohrm_logo.png"
            },
            {
              "CompressionType": "",
              "DataType": "application/json",
              "DownloadTime": 328,
              "EventId": 262,
              "HttpStatus": 200,
              "Size": 100873,
              "URL": "https://opensource-demo.orangehrmlive.com/web/index.php/core/i18n/messages"
            },
            {
              "CompressionType": "",
              "DataType": "image/vnd.microsoft.icon",
              "DownloadTime": 141,
              "EventId": 260,
              "HttpStatus": 200,
              "Size": 564,
              "URL": "https://opensource-demo.orangehrmlive.com/web/dist/favicon.ico?v=1706326081969"
            },
            {
              "CompressionType": "",
              "DataType": "application/javascript",
              "DownloadTime": 328,
              "EventId": 65,
              "HttpStatus": 200,
              "Size": 1625366,
              "URL": "https://opensource-demo.orangehrmlive.com/web/dist/js/chunk-vendors.js?v=1706326081969"
            },
            {
              "CompressionType": "",
              "DataType": "application/javascript",
              "DownloadTime": 141,
              "EventId": 62,
              "HttpStatus": 200,
              "Size": 1491165,
              "URL": "https://opensource-demo.orangehrmlive.com/web/dist/js/app.js?v=1706326081969"
            },
            {
              "CompressionType": "",
              "DataType": "text/css",
              "DownloadTime": 156,
              "EventId": 51,
              "HttpStatus": 200,
              "Size": 160886,
              "URL": "https://opensource-demo.orangehrmlive.com/web/dist/css/app.css?v=1706326081969"
            },
            {
              "CompressionType": "",
              "DataType": "text/css",
              "DownloadTime": 297,
              "EventId": 27,
              "HttpStatus": 200,
              "Size": 249969,
              "URL": "https://opensource-demo.orangehrmlive.com/web/dist/css/chunk-vendors.css?v=1706326081969"
            },
            {
              "CompressionType": "",
              "DataType": "text/html",
              "DownloadTime": 328,
              "EventId": 24,
              "HttpStatus": 200,
              "Size": 3458,
              "URL": "https://opensource-demo.orangehrmlive.com/web/index.php/auth/login"
            },
            {
              "CompressionType": "",
              "DataType": "text/html",
              "DownloadTime": 172,
              "EventId": 20,
              "HttpStatus": 302,
              "Size": 0,
              "URL": "https://opensource-demo.orangehrmlive.com/"
            }
          ],
          "SSLCipher": "ECDHE-RSA-AES256-GCM-SHA384",
          "SSLVersion": "TLS1.2"
        }
      ],
      "IncludeInScript": true
    },
    {
      "DomainName": "googleapis.com",
      "Domains": [
        {
          "HTTPVersion": "HTTP/1.1",
          "IP": "142.250.205.227",
          "IncludeInScript": false,
          "Name": "update.googleapis.com",
          "Port": 80,
          "Requests": [
            {
              "CompressionType": "gzip",
              "DataType": "application/json",
              "DownloadTime": 265,
              "EventId": 454,
              "HttpStatus": 200,
              "Size": 947,
              "URL": "http://update.googleapis.com/service/update2/json?cup2key=13:WcbelThOIa5QAPwzLKfG_UD5jLlPsSN8JpSxvr48rCw&cup2hreq=bdf9367b435867506255de79117f6061f5436651f9f5782d843f858b9b7c8ec2"
            }
          ],
          "SSLCipher": "None",
          "SSLVersion": "None"
        },
        {
          "HTTPVersion": "HTTP/1.1",
          "IP": "142.250.196.74",
          "IncludeInScript": false,
          "Name": "content-autofill.googleapis.com",
          "Port": 443,
          "Requests": [
            {
              "CompressionType": "gzip",
              "DataType": "text/plain",
              "DownloadTime": 125,
              "EventId": 320,
              "HttpStatus": 200,
              "Size": 58,
              "URL": "https://content-autofill.googleapis.com/v1/pages/ChVDaHJvbWUvMTIxLjAuNjE2Ny4xODkSIAlx0MhB461LMBIFDeeNQA4SBQ3OQUx6IfSlwpWXzsx1?alt=proto"
            }
          ],
          "SSLCipher": "TLS_AES_256_GCM_SHA384",
          "SSLVersion": "TLS1.3"
        },
        {
          "HTTPVersion": "HTTP/1.1",
          "IP": "142.250.195.35",
          "IncludeInScript": false,
          "Name": "clientservices.googleapis.com",
          "Port": 443,
          "Requests": [
            {
              "CompressionType": "",
              "DataType": "",
              "DownloadTime": 219,
              "EventId": 22,
              "HttpStatus": 304,
              "Size": 0,
              "URL": "https://clientservices.googleapis.com/chrome-variations/seed?osname=win&channel=stable&milestone=121"
            }
          ],
          "SSLCipher": "TLS_AES_256_GCM_SHA384",
          "SSLVersion": "TLS1.3"
        }
      ],
      "IncludeInScript": true
    }
  ],
  "WebSocket": {
    "IncludeInScript": false,
    "IsScriptIncludeWebSocket": false
  },
  "NumberOfCorrelations": 1
}