[
    {
        "actionName": "Action",
        "steps": [
            {
                "stepId": "STEP3",
                "stepName": "Submit Data: validate",
                "infFile": "t4.inf",
                "time": 1708937331613
            },
            {
                "stepId": "STEP4",
                "stepName": "Url: punchIn",
                "infFile": "t5.inf",
                "time": 1708937332011
            },
            {
                "stepId": "STEP5",
                "stepName": "Url: punchOut",
                "infFile": "t6.inf",
                "time": 1708937332749
            }
        ],
        "transactions": []
    }
]